{"labels": [1, 1, 1, 1, 1, 1, 1, 16, 1, 1, 1, 16, 1, 1, 13, 1, 12, 1, 1, 1, 1, 1, 1, 1, 1, 1, 1, 13, 1, 1, 1, 1, 1, 1, 1, 1, 3, 1, 1, 1, 1, 10, 1, 1, 1, 1, 1, 1, 1, 13, 10, 1, 1, 1, 1, 1, 1, 1, 1, 1, 1, 1, 1, 1, 1, 1, 1, 1, 1, 1, 1, 1, 1, 1, 1, 1, 1, 1, 1, 1, 1, 1, 1, 1, 1, 1, 1, 1, 1, 1, 1, 1, 1, 1, 1, 1, 1, 1, 1, 1], "scores": [0.44561371207237244, 0.4249400496482849, 0.29477936029434204, 0.2580827474594116, 0.24669544398784637, 0.15229006111621857, 0.11450175195932388, 0.0747397243976593, 0.07370007038116455, 0.06916984915733337, 0.06780701875686646, 0.0661853551864624, 0.06599747389554977, 0.06156180799007416, 0.0613444522023201, 0.06105533614754677, 0.06023068353533745, 0.05705123022198677, 0.05558176338672638, 0.054378025233745575, 0.05410303920507431, 0.05305123329162598, 0.052275899797677994, 0.05221555009484291, 0.05147860571742058, 0.05124533548951149, 0.05123467370867729, 0.05092509835958481, 0.05066593736410141, 0.05058110132813454, 0.04967571794986725, 0.04849321022629738, 0.04700351133942604, 0.04679559916257858, 0.04612899199128151, 0.046030908823013306, 0.04579586535692215, 0.0455765575170517, 0.04551894590258598, 0.04518555477261543, 0.04497123137116432, 0.044748175889253616, 0.044625259935855865, 0.04429664835333824, 0.044231437146663666, 0.043888673186302185, 0.04359394684433937, 0.043251778930425644, 0.04308436065912247, 0.04297087341547012, 0.04289785772562027, 0.042145777493715286, 0.0420382134616375, 0.04134189710021019, 0.04111602157354355, 0.04095887392759323, 0.04084782674908638, 0.040794990956783295, 0.040758777409791946, 0.04074344411492348, 0.040716320276260376, 0.04069084674119949, 0.04056054726243019, 0.040475405752658844, 0.04042278602719307, 0.04028131067752838, 0.04022832587361336, 0.0398394837975502, 0.039743006229400635, 0.039687611162662506, 0.039503224194049835, 0.03925923630595207, 0.039245471358299255, 0.03924084082245827, 0.039141956716775894, 0.038960132747888565, 0.03864987567067146, 0.038503967225551605, 0.03849371522665024, 0.03844226524233818, 0.03829500824213028, 0.03810570761561394, 0.03803928568959236, 0.037809256464242935, 0.0376301109790802, 0.03760430961847305, 0.03756428882479668, 0.03742918744683266, 0.037400875240564346, 0.03739042952656746, 0.03723789006471634, 0.037186648696660995, 0.037022534757852554, 0.03700993210077286, 0.036928460001945496, 0.03687844052910805, 0.03685891255736351, 0.03677680343389511, 0.036727424710989, 0.03668199107050896], "bboxes": [[1198.496826171875, 325.1642150878906, 1314.7191162109375, 485.887451171875], [1994.1910400390625, 596.8297729492188, 2191.235107421875, 826.5570068359375], [895.7679443359375, 552.6910400390625, 1029.5845947265625, 690.5167236328125], [1071.6619873046875, 632.80517578125, 1196.2381591796875, 776.36279296875], [1555.6705322265625, 592.7435913085938, 1658.855224609375, 734.3272094726562], [917.8056030273438, 568.4343872070312, 1076.1597900390625, 711.540771484375], [993.1728515625, 590.05322265625, 1145.86767578125, 743.1954345703125], [1197.634033203125, 320.7450866699219, 1313.7044677734375, 482.7938537597656], [1542.1087646484375, 549.1555786132812, 1648.0692138671875, 696.562255859375], [860.7598876953125, 509.4156188964844, 1002.2348022460938, 673.4948120117188], [1561.3031005859375, 625.0614013671875, 1683.9652099609375, 787.7582397460938], [1994.16162109375, 599.850341796875, 2189.390625, 830.6747436523438], [1093.5655517578125, 595.6976928710938, 1201.41064453125, 738.6777954101562], [971.294677734375, 546.3187866210938, 1114.7850341796875, 710.5173950195312], [1992.93017578125, 604.2346801757812, 2183.045166015625, 826.9631958007812], [1759.0457763671875, 290.6990661621094, 1909.4954833984375, 455.67333984375], [1198.496826171875, 325.1642150878906, 1314.7191162109375, 485.887451171875], [1038.8966064453125, 549.6854248046875, 1142.966796875, 703.5965576171875], [1212.189453125, 372.9903869628906, 1308.5850830078125, 567.0191650390625], [1977.1920166015625, 541.0505981445312, 2152.853271484375, 775.4398193359375], [1561.341552734375, 513.24560546875, 1649.127197265625, 631.2583618164062], [884.149169921875, 472.6471252441406, 998.3394165039062, 624.4042358398438], [1073.8541259765625, 549.5548706054688, 1169.4495849609375, 686.9955444335938], [948.1481323242188, 579.3699951171875, 1097.461669921875, 776.5584716796875], [2008.17138671875, 491.1330871582031, 2156.809814453125, 662.4007568359375], [1761.2508544921875, 356.158203125, 1883.9237060546875, 516.7577514648438], [829.557373046875, 558.238525390625, 969.3019409179688, 702.2327270507812], [1198.496826171875, 325.1642150878906, 1314.7191162109375, 485.887451171875], [889.00732421875, 580.0785522460938, 1015.5858154296875, 784.4454345703125], [1737.8482666015625, 333.70538330078125, 1855.0338134765625, 481.2098388671875], [1206.183349609375, 235.2845458984375, 1297.9998779296875, 351.28759765625], [1186.638427734375, 390.949462890625, 1279.1904296875, 573.1546020507812], [515.23095703125, 719.1116333007812, 639.587646484375, 883.1119995117188], [825.561279296875, 500.4044189453125, 956.0802001953125, 641.7576293945312], [1456.8287353515625, 129.5525360107422, 1550.30712890625, 230.85263061523438], [1120.2867431640625, 542.5665893554688, 1205.1871337890625, 669.9807739257812], [1994.16162109375, 599.850341796875, 2189.390625, 830.6747436523438], [729.5595092773438, 325.1983642578125, 820.5684814453125, 442.35400390625], [1593.3465576171875, 572.4384155273438, 1719.68603515625, 697.4496459960938], [1487.948974609375, 126.38196563720703, 1588.427001953125, 232.14544677734375], [1041.9136962890625, 501.48736572265625, 1131.2237548828125, 625.0029907226562], [1071.6619873046875, 632.80517578125, 1196.2381591796875, 776.36279296875], [780.5098266601562, 519.1345825195312, 883.9303588867188, 647.6304321289062], [1734.3902587890625, 855.7838134765625, 1885.7618408203125, 1029.1700439453125], [1586.4931640625, 510.18585205078125, 1680.769775390625, 621.430419921875], [978.161376953125, 507.9456787109375, 1098.9205322265625, 645.4530639648438], [72.60193634033203, 646.2007446289062, 256.5789794921875, 847.5324096679688], [1143.010986328125, 591.1221313476562, 1238.2996826171875, 708.6776733398438], [1016.1259155273438, 626.4525146484375, 1171.3875732421875, 815.14453125], [886.70654296875, 548.3060913085938, 1020.7562255859375, 682.0582275390625], [72.60193634033203, 646.2007446289062, 256.5789794921875, 847.5324096679688], [913.9727783203125, 674.4622192382812, 1038.211181640625, 853.5393676757812], [2043.883544921875, 557.2153930664062, 2257.0517578125, 800.2234497070312], [763.5684204101562, 361.6063232421875, 857.044677734375, 474.29888916015625], [760.8712158203125, 325.2669677734375, 854.6238403320312, 436.8392639160156], [1570.3963623046875, 468.2713623046875, 1645.126708984375, 557.6932373046875], [890.90234375, 419.7967224121094, 983.5800170898438, 523.4467163085938], [935.9848022460938, 466.21600341796875, 1052.36083984375, 598.376708984375], [1171.4051513671875, 524.166748046875, 1249.9583740234375, 651.8768310546875], [1087.5670166015625, 483.3020935058594, 1175.0269775390625, 610.156982421875], [971.0775146484375, 100.4759750366211, 1053.9425048828125, 189.0569305419922], [954.8485717773438, 647.7918090820312, 1095.662109375, 839.176025390625], [729.781494140625, 396.4935302734375, 821.619873046875, 515.3470458984375], [771.9509887695312, 450.07232666015625, 873.0543823242188, 569.5728149414062], [766.7294311523438, 404.4821472167969, 863.084228515625, 518.6390991210938], [817.2927856445312, 461.3671569824219, 933.4938354492188, 595.3135986328125], [1211.7825927734375, 183.96337890625, 1290.2529296875, 268.6601257324219], [1143.6756591796875, 443.12005615234375, 1230.6453857421875, 588.7991943359375], [1088.0732421875, 653.00048828125, 1225.5545654296875, 855.7528686523438], [693.4774780273438, 324.2478942871094, 788.958740234375, 446.81170654296875], [856.383544921875, 613.7407836914062, 978.9442138671875, 793.43701171875], [1806.1943359375, 292.1373596191406, 