{"coco/bbox_mAP": 0.264, "coco/bbox_mAP_50": 0.522, "coco/bbox_mAP_75": 0.221, "coco/bbox_mAP_s": 0.041, "coco/bbox_mAP_m": 0.256, "coco/bbox_mAP_l": 0.285, "data_time": 0.12612620378151917, "time": 0.21168809059338692}